Jitter (%),Shimmer (%),WPM (Words per Minute),Pauses (Duration in sec),Severity of Stutter
0.18727005942368125,0.9507143064099162,141.95981825434217,0.5986584841970366,No Stutter
0.6459115937869837,1.7651115104398498,115.28025251331441,1.2924454609973959,Low Stutter
1.4908072494527027,2.44809111279592,99.59960619250565,3.980768355396438,Mild Stutter
1.650178125961012,2.1271192918570483,92.59255128482803,3.058326201911325,Mild Stutter
2.498557640281776,3.370062062869976,80.09690942860499,3.6409792745307246,Medium Stutter
2.458265482396808,3.721285548597826,70.83378017326598,4.586431072026378,Medium Stutter
3.9352688410954317,4.950324768755786,41.28650566964896,6.607649512570206,High Stutter
4.5356473452336825,6.052974912892325,22.83351048772658,11.619233772387599,Severe Stutter